DateTime,Open,High,Low,Close,Adj Close,Volume,Dividends,Stock Splits,Capital Gains
2025-05-20 09:30:00-04:00,124.20999908447266,124.47989654541016,124.0,124.37999725341797,124.37999725341797,100806,0.0,0.0,0.0
2025-05-20 10:30:00-04:00,124.31999969482422,124.47000122070312,124.22000122070312,124.30999755859375,124.30999755859375,21437,0.0,0.0,0.0
2025-05-20 11:30:00-04:00,124.33999633789062,124.34339904785156,124.01000213623047,124.04000091552734,124.04000091552734,24165,0.0,0.0,0.0
2025-05-20 12:30:00-04:00,124.02999877929688,124.22000122070312,124.02279663085938,124.1500015258789,124.1500015258789,14182,0.0,0.0,0.0
2025-05-20 13:30:00-04:00,124.12999725341797,124.20999908447266,123.68000030517578,123.71499633789062,123.71499633789062,18516,0.0,0.0,0.0
2025-05-20 14:30:00-04:00,123.70999908447266,123.8750991821289,123.55000305175781,123.83000183105469,123.83000183105469,31602,0.0,0.0,0.0
2025-05-20 15:30:00-04:00,123.83000183105469,124.0999984741211,123.83000183105469,124.06999969482422,124.06999969482422,41411,0.0,0.0,0.0
2025-05-21 09:30:00-04:00,123.13999938964844,123.55500030517578,123.05999755859375,123.05999755859375,123.05999755859375,55172,0.0,0.0,0.0
2025-05-21 10:30:00-04:00,123.05500030517578,123.1104965209961,122.66000366210938,122.9000015258789,122.9000015258789,22289,0.0,0.0,0.0
2025-05-21 11:30:00-04:00,122.86000061035156,122.91500091552734,122.75599670410156,122.85279846191406,122.85279846191406,23112,0.0,0.0,0.0
2025-05-21 12:30:00-04:00,122.83999633789062,123.0199966430664,121.62000274658203,121.7300033569336,121.7300033569336,27312,0.0,0.0,0.0
2025-05-21 13:30:00-04:00,121.5,122.08499908447266,121.38999938964844,121.74970245361328,121.74970245361328,25212,0.0,0.0,0.0
2025-05-21 14:30:00-04:00,121.7699966430664,121.80999755859375,121.16999816894531,121.23500061035156,121.23500061035156,60091,0.0,0.0,0.0
2025-05-21 15:30:00-04:00,121.29000091552734,121.6050033569336,121.19999694824219,121.19999694824219,121.19999694824219,37552,0.0,0.0,0.0
2025-05-22 09:30:00-04:00,120.91000366210938,121.15010070800781,120.71499633789062,120.79499816894531,120.79499816894531,40167,0.0,0.0,0.0
2025-05-22 10:30:00-04:00,120.77999877929688,121.1500015258789,120.58000183105469,121.07499694824219,121.07499694824219,24287,0.0,0.0,0.0
2025-05-22 11:30:00-04:00,121.11399841308594,121.55899810791016,121.11399841308594,121.25499725341797,121.25499725341797,21314,0.0,0.0,0.0
2025-05-22 12:30:00-04:00,121.24500274658203,121.4800033569336,121.0,121.44499969482422,121.44499969482422,14035,0.0,0.0,0.0
2025-05-22 13:30:00-04:00,121.44000244140625,121.69000244140625,121.44000244140625,121.6500015258789,121.6500015258789,22802,0.0,0.0,0.0
2025-05-22 14:30:00-04:00,121.62999725341797,121.88790130615234,121.5199966430664,121.88790130615234,121.88790130615234,23785,0.0,0.0,0.0
2025-05-22 15:30:00-04:00,121.86000061035156,121.86000061035156,121.12999725341797,121.19000244140625,121.19000244140625,38850,0.0,0.0,0.0
2025-05-23 09:30:00-04:00,119.58999633789062,120.4800033569336,119.44000244140625,120.32219696044922,120.32219696044922,97126,0.0,0.0,0.0
2025-05-23 10:30:00-04:00,120.25,120.64830017089844,120.25,120.55000305175781,120.55000305175781,25676,0.0,0.0,0.0
2025-05-23 11:30:00-04:00,120.5801010131836,120.79000091552734,120.4800033569336,120.70999908447266,120.70999908447266,46104,0.0,0.0,0.0
2025-05-23 12:30:00-04:00,120.7300033569336,120.9800033569336,120.5999984741211,120.9800033569336,120.9800033569336,18732,0.0,0.0,0.0
2025-05-23 13:30:00-04:00,121.02960205078125,121.30000305175781,120.94999694824219,121.04730224609375,121.04730224609375,25942,0.0,0.0,0.0
2025-05-23 14:30:00-04:00,121.0999984741211,121.19999694824219,120.88999938964844,120.88999938964844,120.88999938964844,15704,0.0,0.0,0.0
2025-05-23 15:30:00-04:00,120.88179779052734,121.05999755859375,120.5999984741211,120.70999908447266,120.70999908447266,14924,0.0,0.0,0.0
2025-05-27 09:30:00-04:00,121.9000015258789,122.23999786376953,121.29000091552734,122.1500015258789,122.1500015258789,51084,0.0,0.0,0.0
2025-05-27 10:30:00-04:00,122.19999694824219,122.33999633789062,121.98999786376953,122.33999633789062,122.33999633789062,106546,0.0,0.0,0.0
2025-05-27 11:30:00-04:00,122.31999969482422,122.58499908447266,122.30000305175781,122.5103988647461,122.5103988647461,35954,0.0,0.0,0.0
2025-05-27 12:30:00-04:00,122.51000213623047,122.79000091552734,122.51000213623047,122.73500061035156,122.73500061035156,116312,0.0,0.0,0.0
2025-05-27 13:30:00-04:00,122.70500183105469,123.02999877929688,122.70500183105469,122.93499755859375,122.93499755859375,87982,0.0,0.0,0.0
2025-05-27 14:30:00-04:00,122.95500183105469,123.00499725341797,122.86000061035156,122.91999816894531,122.91999816894531,95610,0.0,0.0,0.0
2025-05-27 15:30:00-04:00,122.87000274658203,123.05000305175781,122.80000305175781,123.05000305175781,123.05000305175781,32696,0.0,0.0,0.0
2025-05-28 09:30:00-04:00,122.93000030517578,123.23999786376953,122.52729797363281,122.52729797363281,122.52729797363281,54572,0.0,0.0,0.0
2025-05-28 10:30:00-04:00,122.54129791259766,122.54129791259766,122.16999816894531,122.18009948730469,122.18009948730469,56745,0.0,0.0,0.0
2025-05-28 11:30:00-04:00,122.16999816894531,122.42500305175781,122.02999877929688,122.41000366210938,122.41000366210938,27961,0.0,0.0,0.0
2025-05-28 12:30:00-04:00,122.44000244140625,122.66000366210938,122.38729858398438,122.59500122070312,122.59500122070312,44673,0.0,0.0,0.0
2025-05-28 13:30:00-04:00,122.58000183105469,122.65499877929688,122.47000122070312,122.61000061035156,122.61000061035156,32365,0.0,0.0,0.0
2025-05-28 14:30:00-04:00,122.66000366210938,122.68000030517578,122.23999786376953,122.41000366210938,122.41000366210938,44378,0.0,0.0,0.0
2025-05-28 15:30:00-04:00,122.38999938964844,122.44200134277344,122.0,122.12999725341797,122.12999725341797,31712,0.0,0.0,0.0
2025-05-29 09:30:00-04:00,122.58000183105469,122.58000183105469,121.93000030517578,122.2300033569336,122.2300033569336,41544,0.0,0.0,0.0
2025-05-29 10:30:00-04:00,122.23999786376953,122.30999755859375,121.92009735107422,122.30000305175781,122.30000305175781,30955,0.0,0.0,0.0
2025-05-29 11:30:00-04:00,122.19999694824219,122.19999694824219,121.68000030517578,122.05619812011719,122.05619812011719,44599,0.0,0.0,0.0
2025-05-29 12:30:00-04:00,122.10099792480469,122.39199829101562,122.07099914550781,122.30000305175781,122.30000305175781,19353,0.0,0.0,0.0
2025-05-29 13:30:00-04:00,122.29499816894531,122.47039794921875,122.2300033569336,122.3499984741211,122.3499984741211,28659,0.0,0.0,0.0
2025-05-29 14:30:00-04:00,122.41000366210938,122.61000061035156,122.4000015258789,122.42900085449219,122.42900085449219,44354,0.0,0.0,0.0
2025-05-29 15:30:00-04:00,122.47000122070312,122.76000213623047,122.47000122070312,122.7300033569336,122.7300033569336,43947,0.0,0.0,0.0
2025-05-30 09:30:00-04:00,122.31999969482422,122.63999938964844,122.04000091552734,122.63999938964844,122.63999938964844,31812,0.0,0.0,0.0
2025-05-30 10:30:00-04:00,122.69999694824219,122.69999694824219,122.36000061035156,122.625,122.625,18116,0.0,0.0,0.0
2025-05-30 11:30:00-04:00,122.61000061035156,122.61000061035156,122.0199966430664,122.05000305175781,122.05000305175781,26405,0.0,0.0,0.0
2025-05-30 12:30:00-04:00,122.05999755859375,122.26000213623047,121.80999755859375,122.23999786376953,122.23999786376953,35439,0.0,0.0,0.0
2025-05-30 13:30:00-04:00,122.25,122.79000091552734,122.24500274658203,122.75,122.75,27398,0.0,0.0,0.0
2025-05-30 14:30:00-04:00,122.73500061035156,123.13999938964844,122.66000366210938,123.125,123.125,35198,0.0,0.0,0.0
2025-05-30 15:30:00-04:00,123.08999633789062,123.19999694824219,122.80500030517578,122.93000030517578,122.93000030517578,33692,0.0,0.0,0.0
2025-06-02 09:30:00-04:00,122.2699966430664,122.33000183105469,121.29000091552734,121.95989990234375,121.95989990234375,54096,0.0,0.0,0.0
2025-06-02 10:30:00-04:00,121.95999908447266,122.26000213623047,121.8499984741211,122.08999633789062,122.08999633789062,171966,0.0,0.0,0.0
2025-06-02 11:30:00-04:00,122.12000274658203,122.3949966430664,122.07499694824219,122.18000030517578,122.18000030517578,81495,0.0,0.0,0.0
2025-06-02 12:30:00-04:00,122.18000030517578,122.50990295410156,122.16000366210938,122.30999755859375,122.30999755859375,43950,0.0,0.0,0.0
2025-06-02 13:30:00-04:00,122.36000061035156,122.81999969482422,122.31999969482422,122.7249984741211,122.7249984741211,51375,0.0,0.0,0.0
2025-06-02 14:30:00-04:00,122.73999786376953,123.0,122.70999908447266,122.94999694824219,122.94999694824219,69620,0.0,0.0,0.0
2025-06-02 15:30:00-04:00,122.93000030517578,123.04000091552734,122.83999633789062,123.01000213623047,123.01000213623047,46979,0.0,0.0,0.0
2025-06-03 09:30:00-04:00,122.79000091552734,123.1500015258789,121.77999877929688,122.74359893798828,122.74359893798828,55636,0.0,0.0,0.0
2025-06-03 10:30:00-04:00,122.80999755859375,122.997802734375,122.58999633789062,122.997802734375,122.997802734375,60059,0.0,0.0,0.0
2025-06-03 11:30:00-04:00,123.00399780273438,123.3550033569336,123.00399780273438,123.33499908447266,123.33499908447266,53331,0.0,0.0,0.0
2025-06-03 12:30:00-04:00,123.30999755859375,123.47989654541016,123.22260284423828,123.43360137939453,123.43360137939453,22609,0.0,0.0,0.0
2025-06-03 13:30:00-04:00,123.44999694824219,123.4800033569336,123.18000030517578,123.43499755859375,123.43499755859375,36859,0.0,0.0,0.0
2025-06-03 14:30:00-04:00,123.5,123.5199966430664,123.36000061035156,123.41000366210938,123.41000366210938,24079,0.0,0.0,0.0
2025-06-03 15:30:00-04:00,123.43000030517578,123.55999755859375,123.302001953125,123.45999908447266,123.45999908447266,39524,0.0,0.0,0.0
2025-06-04 09:30:00-04:00,123.55999755859375,123.79949951171875,123.23999786376953,123.58000183105469,123.58000183105469,138864,0.0,0.0,0.0
2025-06-04 10:30:00-04:00,123.55999755859375,123.5999984741211,123.26000213623047,123.31999969482422,123.31999969482422,43643,0.0,0.0,0.0
2025-06-04 11:30:00-04:00,123.21499633789062,123.4000015258789,122.95999908447266,122.95999908447266,122.95999908447266,22685,0.0,0.0,0.0
2025-06-04 12:30:00-04:00,122.97000122070312,123.23999786376953,122.97000122070312,123.23999786376953,123.23999786376953,19020,0.0,0.0,0.0
2025-06-04 13:30:00-04:00,123.25,123.25,123.12999725341797,123.1449966430664,123.1449966430664,42150,0.0,0.0,0.0
2025-06-04 14:30:00-04:00,123.0999984741211,123.0999984741211,122.88999938964844,123.0199966430664,123.0199966430664,30284,0.0,0.0,0.0
2025-06-04 15:30:00-04:00,123.01000213623047,123.0199966430664,122.73999786376953,122.73999786376953,122.73999786376953,35316,0.0,0.0,0.0
2025-06-05 09:30:00-04:00,123.02999877929688,123.02999877929688,121.98500061035156,122.30999755859375,122.30999755859375,41188,0.0,0.0,0.0
2025-06-05 10:30:00-04:00,122.33000183105469,122.86000061035156,122.05999755859375,122.86000061035156,122.86000061035156,55719,0.0,0.0,0.0
2025-06-05 11:30:00-04:00,122.87999725341797,123.05999755859375,122.79499816894531,122.94000244140625,122.94000244140625,31120,0.0,0.0,0.0
2025-06-05 12:30:00-04:00,122.97000122070312,122.9800033569336,122.37000274658203,122.83999633789062,122.83999633789062,21785,0.0,0.0,0.0
2025-06-05 13:30:00-04:00,122.86000061035156,123.0199966430664,122.45500183105469,122.74009704589844,122.74009704589844,25215,0.0,0.0,0.0
2025-06-05 14:30:00-04:00,122.77999877929688,122.87999725341797,122.0,122.2300033569336,122.2300033569336,47638,0.0,0.0,0.0
2025-06-05 15:30:00-04:00,122.30000305175781,122.69920349121094,122.30000305175781,122.5,122.5,34206,0.0,0.0,0.0
2025-06-06 09:30:00-04:00,123.95999908447266,124.45999908447266,123.7300033569336,124.08999633789062,124.08999633789062,37286,0.0,0.0,0.0
2025-06-06 10:30:00-04:00,124.05000305175781,124.19999694824219,123.76000213623047,123.76000213623047,123.76000213623047,43735,0.0,0.0,0.0
2025-06-06 11:30:00-04:00,123.7699966430664,123.94999694824219,123.66999816894531,123.86000061035156,123.86000061035156,22042,0.0,0.0,0.0
2025-06-06 12:30:00-04:00,123.8864974975586,123.91000366210938,123.58999633789062,123.73999786376953,123.73999786376953,24432,0.0,0.0,0.0
2025-06-06 13:30:00-04:00,123.77649688720703,124.08999633789062,123.72139739990234,124.0250015258789,124.0250015258789,23410,0.0,0.0,0.0
2025-06-06 14:30:00-04:00,124.05000305175781,124.2699966430664,124.05000305175781,124.25,124.25,42104,0.0,0.0,0.0
2025-06-06 15:30:00-04:00,124.23999786376953,124.31999969482422,124.12000274658203,124.2249984741211,124.2249984741211,55096,0.0,0.0,0.0
2025-06-09 09:30:00-04:00,124.41000366210938,124.41000366210938,122.94499969482422,123.30999755859375,123.30999755859375,66050,0.0,0.0,0.0
2025-06-09 10:30:00-04:00,123.30999755859375,123.36000061035156,122.8550033569336,123.1500015258789,123.1500015258789,49014,0.0,0.0,0.0
2025-06-09 11:30:00-04:00,123.19000244140625,123.58999633789062,123.19000244140625,123.54000091552734,123.54000091552734,166333,0.0,0.0,0.0
2025-06-09 12:30:00-04:00,123.54000091552734,123.94999694824219,123.43000030517578,123.94999694824219,123.94999694824219,346387,0.0,0.0,0.0
2025-06-09 13:30:00-04:00,123.94000244140625,124.08999633789062,123.88999938964844,124.03009796142578,124.03009796142578,42273,0.0,0.0,0.0
2025-06-09 14:30:00-04:00,124.04000091552734,124.06999969482422,123.80000305175781,123.80000305175781,123.80000305175781,51153,0.0,0.0,0.0
2025-06-09 15:30:00-04:00,123.81500244140625,123.8499984741211,123.5739974975586,123.5999984741211,123.5999984741211,69287,0.0,0.0,0.0
2025-06-10 09:30:00-04:00,123.5,123.62999725341797,123.29000091552734,123.62999725341797,123.62999725341797,316720,0.0,0.0,0.0
2025-06-10 10:30:00-04:00,123.5,123.66999816894531,123.3499984741211,123.55500030517578,123.55500030517578,104730,0.0,0.0,0.0
2025-06-10 11:30:00-04:00,123.54000091552734,123.58760070800781,123.3499984741211,123.51000213623047,123.51000213623047,640413,0.0,0.0,0.0
2025-06-10 12:30:00-04:00,123.55999755859375,123.72000122070312,123.50199890136719,123.63999938964844,123.63999938964844,106961,0.0,0.0,0.0
2025-06-10 13:30:00-04:00,123.625,123.69999694824219,123.30000305175781,123.30000305175781,123.30000305175781,38386,0.0,0.0,0.0
2025-06-10 14:30:00-04:00,123.37950134277344,123.76000213623047,123.33999633789062,123.58499908447266,123.58499908447266,28779,0.0,0.0,0.0
2025-06-10 15:30:00-04:00,123.58999633789062,123.7699966430664,123.38999938964844,123.70999908447266,123.70999908447266,41419,0.0,0.0,0.0
2025-06-11 09:30:00-04:00,123.94999694824219,124.18000030517578,123.19999694824219,124.1500015258789,124.1500015258789,37155,0.0,0.0,0.0
2025-06-11 10:30:00-04:00,124.16500091552734,124.19999694824219,123.98500061035156,124.0999984741211,124.0999984741211,32581,0.0,0.0,0.0
2025-06-11 11:30:00-04:00,124.12000274658203,124.20999908447266,123.73999786376953,123.97000122070312,123.97000122070312,48809,0.0,0.0,0.0
2025-06-11 12:30:00-04:00,123.98999786376953,124.4000015258789,123.8499984741211,124.38999938964844,124.38999938964844,22338,0.0,0.0,0.0
2025-06-11 13:30:00-04:00,124.38999938964844,124.38999938964844,123.4000015258789,123.5199966430664,123.5199966430664,47328,0.0,0.0,0.0
2025-06-11 14:30:00-04:00,123.41000366210938,123.7699966430664,123.37000274658203,123.41999816894531,123.41999816894531,82295,0.0,0.0,0.0
2025-06-11 15:30:00-04:00,123.43000030517578,123.58999633789062,123.23999786376953,123.58000183105469,123.58000183105469,38146,0.0,0.0,0.0
2025-06-12 09:30:00-04:00,122.80000305175781,123.375,122.375,123.3499984741211,123.3499984741211,53824,0.0,0.0,0.0
2025-06-12 10:30:00-04:00,123.35710144042969,123.45500183105469,123.01499938964844,123.15499877929688,123.15499877929688,58555,0.0,0.0,0.0
2025-06-12 11:30:00-04:00,123.1449966430664,123.25,122.9552993774414,123.13999938964844,123.13999938964844,45349,0.0,0.0,0.0
2025-06-12 12:30:00-04:00,123.05999755859375,123.36759948730469,123.0,123.2699966430664,123.2699966430664,30024,0.0,0.0,0.0
2025-06-12 13:30:00-04:00,123.36199951171875,123.4000015258789,123.19499969482422,123.2332992553711,123.2332992553711,28872,0.0,0.0,0.0
2025-06-12 14:30:00-04:00,123.22000122070312,123.5,123.22000122070312,123.47019958496094,123.47019958496094,37541,0.0,0.0,0.0
2025-06-12 15:30:00-04:00,123.4800033569336,123.5999984741211,123.36000061035156,123.57499694824219,123.57499694824219,46975,0.0,0.0,0.0
2025-06-13 09:30:00-04:00,121.91999816894531,122.13999938964844,120.87999725341797,120.88999938964844,120.88999938964844,99668,0.0,0.0,0.0
2025-06-13 10:30:00-04:00,120.78500366210938,121.83999633789062,120.68000030517578,121.83999633789062,121.83999633789062,75556,0.0,0.0,0.0
2025-06-13 11:30:00-04:00,121.96099853515625,122.16000366210938,121.87000274658203,121.94999694824219,121.94999694824219,32809,0.0,0.0,0.0
2025-06-13 12:30:00-04:00,121.98999786376953,122.04949951171875,121.47000122070312,121.51499938964844,121.51499938964844,53381,0.0,0.0,0.0
2025-06-13 13:30:00-04:00,121.5,121.62000274658203,120.9000015258789,120.93000030517578,120.93000030517578,79856,0.0,0.0,0.0
2025-06-13 14:30:00-04:00,120.9800033569336,121.16000366210938,120.69999694824219,120.9000015258789,120.9000015258789,85939,0.0,0.0,0.0
2025-06-13 15:30:00-04:00,120.91000366210938,121.0199966430664,120.66999816894531,120.94999694824219,120.94999694824219,52447,0.0,0.0,0.0
2025-06-16 09:30:00-04:00,121.83999633789062,122.97550201416016,121.83999633789062,122.88999938964844,122.88999938964844,431247,0.0,0.0,0.0
2025-06-16 10:30:00-04:00,122.92980194091797,123.27860260009766,122.91000366210938,122.97000122070312,122.97000122070312,56921,0.0,0.0,0.0
2025-06-16 11:30:00-04:00,122.94000244140625,123.16000366210938,122.91000366210938,122.93000030517578,122.93000030517578,42307,0.0,0.0,0.0
2025-06-16 12:30:00-04:00,122.95999908447266,123.0,122.62000274658203,122.79000091552734,122.79000091552734,43746,0.0,0.0,0.0
2025-06-16 13:30:00-04:00,122.80999755859375,122.87000274658203,122.53500366210938,122.58499908447266,122.58499908447266,156526,0.0,0.0,0.0
2025-06-16 14:30:00-04:00,122.5999984741211,122.61859893798828,122.37999725341797,122.38999938964844,122.38999938964844,59406,0.0,0.0,0.0
2025-06-16 15:30:00-04:00,122.37000274658203,122.4800033569336,122.23999786376953,122.44999694824219,122.44999694824219,59113,0.0,0.0,0.0
2025-06-17 09:30:00-04:00,121.80000305175781,122.21499633789062,121.6500015258789,122.09500122070312,122.09500122070312,68946,0.0,0.0,0.0
2025-06-17 10:30:00-04:00,122.13999938964844,122.13999938964844,121.6500015258789,121.6500015258789,121.6500015258789,34036,0.0,0.0,0.0
2025-06-17 11:30:00-04:00,121.62999725341797,121.9000015258789,121.5634994506836,121.87999725341797,121.87999725341797,33406,0.0,0.0,0.0
2025-06-17 12:30:00-04:00,121.90760040283203,121.98999786376953,121.47000122070312,121.48200225830078,121.48200225830078,34789,0.0,0.0,0.0
2025-06-17 13:30:00-04:00,121.44999694824219,121.69999694824219,121.23999786376953,121.3949966430664,121.3949966430664,52845,0.0,0.0,0.0
2025-06-17 14:30:00-04:00,121.37999725341797,121.66999816894531,121.27999877929688,121.66999816894531,121.66999816894531,101578,0.0,0.0,0.0
2025-06-17 15:30:00-04:00,121.6500015258789,121.69000244140625,121.48999786376953,121.55999755859375,121.55999755859375,62460,0.0,0.0,0.0
2025-06-18 09:30:00-04:00,121.58000183105469,122.8416976928711,121.49500274658203,122.83999633789062,122.83999633789062,52287,0.0,0.0,0.0
2025-06-18 10:30:00-04:00,122.83999633789062,122.93000030517578,122.16000366210938,122.37999725341797,122.37999725341797,54098,0.0,0.0,0.0
2025-06-18 11:30:00-04:00,122.44999694824219,122.51000213623047,122.04499816894531,122.1500015258789,122.1500015258789,28960,0.0,0.0,0.0
2025-06-18 12:30:00-04:00,122.18000030517578,122.35320281982422,122.01000213623047,122.15499877929688,122.15499877929688,22099,0.0,0.0,0.0
2025-06-18 13:30:00-04:00,122.19000244140625,122.58670043945312,122.0199966430664,122.33000183105469,122.33000183105469,30364,0.0,0.0,0.0
2025-06-18 14:30:00-04:00,122.38999938964844,122.55999755859375,121.5999984741211,121.61000061035156,121.61000061035156,112209,0.0,0.0,0.0
2025-06-18 15:30:00-04:00,121.58999633789062,121.8949966430664,121.58999633789062,121.75,121.75,34099,0.0,0.0,0.0
2025-06-20 09:30:00-04:00,122.25,122.60440063476562,122.09700012207031,122.29000091552734,122.29000091552734,47854,0.0,0.0,0.0
2025-06-20 10:30:00-04:00,122.29190063476562,122.55000305175781,122.16629791259766,122.4800033569336,122.4800033569336,39872,0.0,0.0,0.0
2025-06-20 11:30:00-04:00,122.47000122070312,122.58999633789062,122.13999938964844,122.3499984741211,122.3499984741211,19802,0.0,0.0,0.0
2025-06-20 12:30:00-04:00,122.3499984741211,122.49500274658203,122.06500244140625,122.06500244140625,122.06500244140625,34122,0.0,0.0,0.0
2025-06-20 13:30:00-04:00,122.02999877929688,122.16000366210938,121.77999877929688,122.05000305175781,122.05000305175781,17615,0.0,0.0,0.0
2025-06-20 14:30:00-04:00,121.99320220947266,122.03990173339844,121.80500030517578,121.94000244140625,121.94000244140625,0,0.0,0.0,0.0
2025-06-20 15:30:00-04:00,121.95999908447266,122.27999877929688,121.9103012084961,122.12999725341797,122.12999725341797,214717,0.0,0.0,0.0
2025-06-23 09:30:00-04:00,122.02999877929688,122.94999694824219,121.8499984741211,122.81999969482422,122.81999969482422,71574,0.0,0.0,0.0
2025-06-23 10:30:00-04:00,122.8499984741211,122.8499984741211,122.22000122070312,122.25,122.25,41453,0.0,0.0,0.0
2025-06-23 11:30:00-04:00,122.19999694824219,122.22000122070312,121.55999755859375,121.55999755859375,121.55999755859375,44147,0.0,0.0,0.0
2025-06-23 12:30:00-04:00,121.5,122.48999786376953,121.16999816894531,122.47000122070312,122.47000122070312,82120,0.0,0.0,0.0
2025-06-23 13:30:00-04:00,122.5199966430664,122.95500183105469,122.51000213623047,122.88500213623047,122.88500213623047,34030,0.0,0.0,0.0
2025-06-23 14:30:00-04:00,122.94000244140625,123.37999725341797,122.87999725341797,123.25,123.25,45461,0.0,0.0,0.0
2025-06-23 15:30:00-04:00,123.27999877929688,123.7300033569336,123.2699966430664,123.6500015258789,123.6500015258789,61913,0.0,0.0,0.0
2025-06-24 09:30:00-04:00,124.77999877929688,125.47889709472656,124.77999877929688,125.19000244140625,125.19000244140625,68065,0.0,0.0,0.0
2025-06-24 10:30:00-04:00,125.22000122070312,125.41000366210938,125.22000122070312,125.30619812011719,125.30619812011719,31002,0.0,0.0,0.0
2025-06-24 11:30:00-04:00,125.36990356445312,125.41999816894531,125.20999908447266,125.37000274658203,125.37000274658203,43339,0.0,0.0,0.0
2025-06-24 12:30:00-04:00,125.36009979248047,125.62000274658203,125.33999633789062,125.51679992675781,125.51679992675781,30315,0.0,0.0,0.0
2025-06-24 13:30:00-04:00,125.5,125.75,125.47000122070312,125.67500305175781,125.67500305175781,23478,0.0,0.0,0.0
2025-06-24 14:30:00-04:00,125.69000244140625,125.82550048828125,125.69000244140625,125.80000305175781,125.80000305175781,40102,0.0,0.0,0.0
2025-06-24 15:30:00-04:00,125.7699966430664,125.93499755859375,125.4800033569336,125.5,125.5,73195,0.0,0.0,0.0
2025-06-25 09:30:00-04:00,125.61000061035156,125.61000061035156,125.0,125.08499908447266,125.08499908447266,58700,0.0,0.0,0.0
2025-06-25 10:30:00-04:00,124.94999694824219,125.23999786376953,124.91999816894531,125.0,125.0,56103,0.0,0.0,0.0
2025-06-25 11:30:00-04:00,124.9800033569336,125.20999908447266,124.88980102539062,125.08999633789062,125.08999633789062,52537,0.0,0.0,0.0
2025-06-25 12:30:00-04:00,125.16000366210938,125.19999694824219,124.93000030517578,125.11000061035156,125.11000061035156,53992,0.0,0.0,0.0
2025-06-25 13:30:00-04:00,125.13500213623047,125.20500183105469,124.98999786376953,125.12999725341797,125.12999725341797,53438,0.0,0.0,0.0
2025-06-25 14:30:00-04:00,125.12999725341797,125.20999908447266,124.97000122070312,125.11499786376953,125.11499786376953,35223,0.0,0.0,0.0
2025-06-25 15:30:00-04:00,125.11000061035156,125.11000061035156,124.94000244140625,125.05999755859375,125.05999755859375,36530,0.0,0.0,0.0
2025-06-26 09:30:00-04:00,124.77999877929688,125.37000274658203,124.72000122070312,125.25990295410156,125.25990295410156,90668,0.472,0.0,0.0
2025-06-26 10:30:00-04:00,125.26519775390625,125.63999938964844,125.26519775390625,125.44000244140625,125.44000244140625,126211,0.0,0.0,0.0
2025-06-26 11:30:00-04:00,125.41000366210938,125.58000183105469,125.3301010131836,125.58000183105469,125.58000183105469,56303,0.0,0.0,0.0
2025-06-26 12:30:00-04:00,125.62000274658203,125.62000274658203,125.47000122070312,125.54019927978516,125.54019927978516,28374,0.0,0.0,0.0
2025-06-26 13:30:00-04:00,125.58499908447266,125.70999908447266,125.54000091552734,125.65339660644531,125.65339660644531,30520,0.0,0.0,0.0
2025-06-26 14:30:00-04:00,125.66500091552734,125.70659637451172,125.5000991821289,125.66999816894531,125.66999816894531,25238,0.0,0.0,0.0
2025-06-26 15:30:00-04:00,125.68000030517578,125.88999938964844,125.6500015258789,125.7699966430664,125.7699966430664,39704,0.0,0.0,0.0
2025-06-27 09:30:00-04:00,125.80000305175781,126.30000305175781,125.62000274658203,126.30000305175781,126.30000305175781,65614,0.0,0.0,0.0
2025-06-27 10:30:00-04:00,126.27999877929688,126.55999755859375,126.17849731445312,126.41000366210938,126.41000366210938,39949,0.0,0.0,0.0
2025-06-27 11:30:00-04:00,126.41999816894531,126.78990173339844,126.38999938964844,126.75559997558594,126.75559997558594,41461,0.0,0.0,0.0
2025-06-27 12:30:00-04:00,126.75499725341797,126.87000274658203,126.52999877929688,126.53990173339844,126.53990173339844,41916,0.0,0.0,0.0
2025-06-27 13:30:00-04:00,126.53199768066406,126.5999984741211,125.8499984741211,125.8499984741211,125.8499984741211,28525,0.0,0.0,0.0
2025-06-27 14:30:00-04:00,125.80000305175781,125.88999938964844,125.56999969482422,125.81999969482422,125.81999969482422,63949,0.0,0.0,0.0
2025-06-27 15:30:00-04:00,125.83000183105469,126.21499633789062,125.83000183105469,126.11000061035156,126.11000061035156,33350,0.0,0.0,0.0
2025-06-30 09:30:00-04:00,126.98999786376953,127.34249877929688,126.77100372314453,127.05899810791016,127.05899810791016,140709,0.0,0.0,0.0
2025-06-30 10:30:00-04:00,127.02860260009766,127.05999755859375,126.66120147705078,126.88999938964844,126.88999938964844,35044,0.0,0.0,0.0
2025-06-30 11:30:00-04:00,126.98490142822266,127.21839904785156,126.9800033569336,127.010498046875,127.010498046875,37610,0.0,0.0,0.0
2025-06-30 12:30:00-04:00,127.10130310058594,127.19999694824219,127.04450225830078,127.0999984741211,127.0999984741211,18510,0.0,0.0,0.0
2025-06-30 13:30:00-04:00,127.1135025024414,127.1135025024414,126.73999786376953,127.04000091552734,127.04000091552734,64710,0.0,0.0,0.0
2025-06-30 14:30:00-04:00,127.0,127.23999786376953,126.94999694824219,127.18000030517578,127.18000030517578,34843,0.0,0.0,0.0
2025-06-30 15:30:00-04:00,127.1500015258789,127.45999908447266,126.90499877929688,127.30000305175781,127.30000305175781,78386,0.0,0.0,0.0
2025-07-01 09:30:00-04:00,126.87000274658203,127.41999816894531,126.87000274658203,127.2500991821289,127.2500991821289,101744,0.0,0.0,0.0
2025-07-01 10:30:00-04:00,127.36000061035156,127.54000091552734,127.13500213623047,127.52999877929688,127.52999877929688,61686,0.0,0.0,0.0
2025-07-01 11:30:00-04:00,127.56900024414062,127.9000015258789,127.25,127.83999633789062,127.83999633789062,86975,0.0,0.0,0.0
2025-07-01 12:30:00-04:00,127.80999755859375,128.24000549316406,127.63189697265625,128.2100067138672,128.2100067138672,117001,0.0,0.0,0.0
2025-07-01 13:30:00-04:00,128.1999969482422,128.33999633789062,127.9800033569336,128.1199951171875,128.1199951171875,64366,0.0,0.0,0.0
2025-07-01 14:30:00-04:00,128.13999938964844,128.33999633789062,128.00999450683594,128.24000549316406,128.24000549316406,52051,0.0,0.0,0.0
2025-07-01 15:30:00-04:00,128.2550048828125,128.35000610351562,128.07000732421875,128.1199951171875,128.1199951171875,56917,0.0,0.0,0.0
2025-07-02 09:30:00-04:00,128.33999633789062,128.33999633789062,127.43000030517578,127.79499816894531,127.79499816894531,102327,0.0,0.0,0.0
2025-07-02 10:30:00-04:00,127.84310150146484,128.0399932861328,127.6500015258789,127.80000305175781,127.80000305175781,76601,0.0,0.0,0.0
2025-07-02 11:30:00-04:00,127.74079895019531,128.13499450683594,127.74079895019531,127.86499786376953,127.86499786376953,46679,0.0,0.0,0.0
2025-07-02 12:30:00-04:00,127.88999938964844,128.08999633789062,127.85240173339844,127.9800033569336,127.9800033569336,31004,0.0,0.0,0.0
2025-07-02 13:30:00-04:00,128.0,128.02999877929688,127.84500122070312,127.9000015258789,127.9000015258789,34935,0.0,0.0,0.0
2025-07-02 14:30:00-04:00,127.91999816894531,128.22000122070312,127.91000366210938,128.22000122070312,128.22000122070312,49461,0.0,0.0,0.0
2025-07-02 15:30:00-04:00,128.19500732421875,128.3300018310547,128.14999389648438,128.2899932861328,128.2899932861328,44915,0.0,0.0,0.0
2025-07-03 09:30:00-04:00,128.63999938964844,129.60000610351562,128.5800018310547,129.4600067138672,129.4600067138672,114451,0.0,0.0,0.0
2025-07-03 10:30:00-04:00,129.5,129.80999755859375,129.35009765625,129.47999572753906,129.47999572753906,138334,0.0,0.0,0.0
2025-07-03 11:30:00-04:00,129.47999572753906,129.61000061035156,129.41000366210938,129.58999633789062,129.58999633789062,92314,0.0,0.0,0.0
2025-07-07 09:30:00-04:00,129.4199981689453,129.7899932861328,129.10000610351562,129.17129516601562,129.17129516601562,245675,0.0,0.0,0.0
2025-07-07 10:30:00-04:00,129.19000244140625,129.2738037109375,128.74000549316406,128.83999633789062,128.83999633789062,104914,0.0,0.0,0.0
2025-07-07 11:30:00-04:00,128.82000732421875,128.82000732421875,128.1699981689453,128.4199981689453,128.4199981689453,72063,0.0,0.0,0.0
2025-07-07 12:30:00-04:00,128.4600067138672,128.56170654296875,128.06419372558594,128.38999938964844,128.38999938964844,61913,0.0,0.0,0.0
2025-07-07 13:30:00-04:00,128.4499969482422,128.5800018310547,127.78500366210938,127.83000183105469,127.83000183105469,50412,0.0,0.0,0.0
2025-07-07 14:30:00-04:00,127.8384017944336,128.2550048828125,127.82499694824219,128.0800018310547,128.0800018310547,54629,0.0,0.0,0.0
2025-07-07 15:30:00-04:00,128.11000061035156,128.47999572753906,128.07000732421875,128.47999572753906,128.47999572753906,91584,0.0,0.0,0.0
2025-07-08 09:30:00-04:00,128.10000610351562,128.3679962158203,127.69100189208984,127.77999877929688,127.77999877929688,170551,0.0,0.0,0.0
2025-07-08 10:30:00-04:00,127.80999755859375,128.02000427246094,127.36000061035156,127.82640075683594,127.82640075683594,39667,0.0,0.0,0.0
2025-07-08 11:30:00-04:00,127.81500244140625,127.98999786376953,127.55000305175781,127.87999725341797,127.87999725341797,31777,0.0,0.0,0.0
2025-07-08 12:30:00-04:00,127.86000061035156,127.93000030517578,127.51000213623047,127.65499877929688,127.65499877929688,38860,0.0,0.0,0.0
2025-07-08 13:30:00-04:00,127.75,127.81999969482422,127.57499694824219,127.60079956054688,127.60079956054688,30262,0.0,0.0,0.0
2025-07-08 14:30:00-04:00,127.56999969482422,127.68000030517578,127.5199966430664,127.61000061035156,127.61000061035156,51304,0.0,0.0,0.0
2025-07-08 15:30:00-04:00,127.61000061035156,127.62999725341797,127.36000061035156,127.45999908447266,127.45999908447266,82701,0.0,0.0,0.0
2025-07-09 09:30:00-04:00,128.10000610351562,128.1898956298828,127.69000244140625,127.81999969482422,127.81999969482422,70081,0.0,0.0,0.0
2025-07-09 10:30:00-04:00,127.73999786376953,127.86000061035156,127.52999877929688,127.66000366210938,127.66000366210938,50964,0.0,0.0,0.0
2025-07-09 11:30:00-04:00,127.62000274658203,127.7300033569336,127.34140014648438,127.34140014648438,127.34140014648438,33240,0.0,0.0,0.0
2025-07-09 12:30:00-04:00,127.38500213623047,127.69560241699219,127.29000091552734,127.68000030517578,127.68000030517578,44789,0.0,0.0,0.0
2025-07-09 13:30:00-04:00,127.62000274658203,127.91999816894531,127.52999877929688,127.52999877929688,127.52999877929688,28444,0.0,0.0,0.0
2025-07-09 14:30:00-04:00,127.62000274658203,127.7249984741211,127.48899841308594,127.70999908447266,127.70999908447266,42986,0.0,0.0,0.0
2025-07-09 15:30:00-04:00,127.72000122070312,127.87000274658203,127.68930053710938,127.83000183105469,127.83000183105469,41077,0.0,0.0,0.0
2025-07-10 09:30:00-04:00,127.73999786376953,128.23500061035156,127.66999816894531,128.0998992919922,128.0998992919922,43736,0.0,0.0,0.0
2025-07-10 10:30:00-04:00,128.13690185546875,128.6300048828125,128.1300048828125,128.5601043701172,128.5601043701172,50953,0.0,0.0,0.0
2025-07-10 11:30:00-04:00,128.58999633789062,128.69000244140625,128.4499969482422,128.60000610351562,128.60000610351562,28448,0.0,0.0,0.0
2025-07-10 12:30:00-04:00,128.58999633789062,128.77000427246094,128.51319885253906,128.6699981689453,128.6699981689453,42801,0.0,0.0,0.0
2025-07-10 13:30:00-04:00,128.64999389648438,128.7899932861328,128.57000732421875,128.64999389648438,128.64999389648438,99681,0.0,0.0,0.0
2025-07-10 14:30:00-04:00,128.5500030517578,128.74000549316406,128.41000366210938,128.72000122070312,128.72000122070312,78238,0.0,0.0,0.0
2025-07-10 15:30:00-04:00,128.77000427246094,128.82000732421875,128.5500030517578,128.64999389648438,128.64999389648438,116751,0.0,0.0,0.0
2025-07-11 09:30:00-04:00,127.7699966430664,127.86000061035156,127.25,127.54499816894531,127.54499816894531,35163,0.0,0.0,0.0
2025-07-11 10:30:00-04:00,127.56999969482422,127.7300033569336,127.5,127.52010345458984,127.52010345458984,29558,0.0,0.0,0.0
2025-07-11 11:30:00-04:00,127.54000091552734,127.69000244140625,127.16999816894531,127.38999938964844,127.38999938964844,38740,0.0,0.0,0.0
2025-07-11 12:30:00-04:00,127.38999938964844,127.55000305175781,127.30999755859375,127.46499633789062,127.46499633789062,21083,0.0,0.0,0.0
2025-07-11 13:30:00-04:00,127.44499969482422,127.62999725341797,127.13999938964844,127.23999786376953,127.23999786376953,32248,0.0,0.0,0.0
2025-07-11 14:30:00-04:00,127.2300033569336,127.56999969482422,127.20999908447266,127.5,127.5,28763,0.0,0.0,0.0
2025-07-11 15:30:00-04:00,127.48999786376953,127.54000091552734,127.20999908447266,127.2699966430664,127.2699966430664,43365,0.0,0.0,0.0
2025-07-14 09:30:00-04:00,127.19999694824219,128.07000732421875,126.94000244140625,127.94999694824219,127.94999694824219,78142,0.0,0.0,0.0
2025-07-14 10:30:00-04:00,127.91000366210938,128.16000366210938,127.7750015258789,128.16000366210938,128.16000366210938,69182,0.0,0.0,0.0
2025-07-14 11:30:00-04:00,128.17999267578125,128.3000030517578,128.02000427246094,128.13999938964844,128.13999938964844,143326,0.0,0.0,0.0
2025-07-14 12:30:00-04:00,128.1300048828125,128.30999755859375,128.0,128.25,128.25,122087,0.0,0.0,0.0
2025-07-14 13:30:00-04:00,128.25999450683594,128.33999633789062,128.1300048828125,128.1999969482422,128.1999969482422,126681,0.0,0.0,0.0
2025-07-14 14:30:00-04:00,128.25,128.33999633789062,128.10000610351562,128.18499755859375,128.18499755859375,209053,0.0,0.0,0.0
2025-07-14 15:30:00-04:00,128.17999267578125,128.36000061035156,128.16000366210938,128.3249969482422,128.3249969482422,168438,0.0,0.0,0.0
2025-07-15 09:30:00-04:00,127.9800033569336,128.11000061035156,126.87000274658203,127.08000183105469,127.08000183105469,214733,0.0,0.0,0.0
2025-07-15 10:30:00-04:00,127.01000213623047,127.11000061035156,126.68000030517578,126.80999755859375,126.80999755859375,134264,0.0,0.0,0.0
2025-07-15 11:30:00-04:00,126.83999633789062,127.02999877929688,126.55740356445312,126.65660095214844,126.65660095214844,63950,0.0,0.0,0.0
2025-07-15 12:30:00-04:00,126.68000030517578,126.75910186767578,126.31919860839844,126.6050033569336,126.6050033569336,65386,0.0,0.0,0.0
2025-07-15 13:30:00-04:00,126.5999984741211,126.63999938964844,126.4000015258789,126.56179809570312,126.56179809570312,36670,0.0,0.0,0.0
2025-07-15 14:30:00-04:00,126.58999633789062,126.6500015258789,126.29000091552734,126.45999908447266,126.45999908447266,58440,0.0,0.0,0.0
2025-07-15 15:30:00-04:00,126.47000122070312,126.48999786376953,126.01000213623047,126.01000213623047,126.01000213623047,96357,0.0,0.0,0.0
2025-07-16 09:30:00-04:00,126.58000183105469,126.94999694824219,126.33000183105469,126.3499984741211,126.3499984741211,77716,0.0,0.0,0.0
2025-07-16 10:30:00-04:00,126.37000274658203,126.65139770507812,125.5,125.93699645996094,125.93699645996094,145400,0.0,0.0,0.0
2025-07-16 11:30:00-04:00,125.91000366210938,126.25,125.19000244140625,126.1500015258789,126.1500015258789,173380,0.0,0.0,0.0
2025-07-16 12:30:00-04:00,126.16999816894531,126.6500015258789,126.05000305175781,126.62999725341797,126.62999725341797,48411,0.0,0.0,0.0
2025-07-16 13:30:00-04:00,126.56999969482422,126.80000305175781,126.5199966430664,126.76000213623047,126.76000213623047,30450,0.0,0.0,0.0
2025-07-16 14:30:00-04:00,126.7699966430664,127.11000061035156,126.75,127.08000183105469,127.08000183105469,51327,0.0,0.0,0.0
2025-07-16 15:30:00-04:00,127.04000091552734,127.13999938964844,126.9000015258789,127.05000305175781,127.05000305175781,104298,0.0,0.0,0.0
2025-07-17 09:30:00-04:00,126.69999694824219,127.9000015258789,126.69999694824219,127.29000091552734,127.29000091552734,81503,0.0,0.0,0.0
2025-07-17 10:30:00-04:00,127.30500030517578,127.68000030517578,127.08999633789062,127.63500213623047,127.63500213623047,96968,0.0,0.0,0.0
2025-07-17 11:30:00-04:00,127.72000122070312,128.00999450683594,127.63999938964844,127.70999908447266,127.70999908447266,83526,0.0,0.0,0.0
2025-07-17 12:30:00-04:00,127.72000122070312,127.89749908447266,127.6510009765625,127.81999969482422,127.81999969482422,40259,0.0,0.0,0.0
2025-07-17 13:30:00-04:00,127.83499908447266,128.3249969482422,127.81999969482422,128.3249969482422,128.3249969482422,48679,0.0,0.0,0.0
2025-07-17 14:30:00-04:00,128.3249969482422,128.58999633789062,128.30340576171875,128.44000244140625,128.44000244140625,44152,0.0,0.0,0.0
2025-07-17 15:30:00-04:00,128.41000366210938,128.5500030517578,128.3300018310547,128.3800048828125,128.3800048828125,39356,0.0,0.0,0.0
2025-07-18 09:30:00-04:00,128.69000244140625,128.8300018310547,128.443603515625,128.5299072265625,128.5299072265625,52201,0.0,0.0,0.0
2025-07-18 10:30:00-04:00,128.5081024169922,128.69949340820312,128.26499938964844,128.4600067138672,128.4600067138672,48834,0.0,0.0,0.0
2025-07-18 11:30:00-04:00,128.4499969482422,128.67999267578125,128.38999938964844,128.38999938964844,128.38999938964844,31895,0.0,0.0,0.0
2025-07-18 12:30:00-04:00,128.38999938964844,128.60000610351562,128.26100158691406,128.32000732421875,128.32000732421875,109908,0.0,0.0,0.0
2025-07-18 13:30:00-04:00,128.3249969482422,128.52000427246094,128.27000427246094,128.3000030517578,128.3000030517578,72181,0.0,0.0,0.0
2025-07-18 14:30:00-04:00,128.35000610351562,128.5,128.27999877929688,128.47999572753906,128.47999572753906,22631,0.0,0.0,0.0
2025-07-18 15:30:00-04:00,128.4868927001953,128.6300048828125,128.36000061035156,128.49000549316406,128.49000549316406,43912,0.0,0.0,0.0
2025-07-21 09:30:00-04:00,128.61000061035156,129.05149841308594,128.49000549316406,129.02000427246094,129.02000427246094,126046,0.0,0.0,0.0
2025-07-21 10:30:00-04:00,129.02999877929688,129.36500549316406,128.80499267578125,129.281494140625,129.281494140625,76068,0.0,0.0,0.0
2025-07-21 11:30:00-04:00,129.32000732421875,129.47999572753906,129.1999969482422,129.24000549316406,129.24000549316406,85746,0.0,0.0,0.0
2025-07-21 12:30:00-04:00,129.2449951171875,129.3199005126953,129.08999633789062,129.1199951171875,129.1199951171875,65295,0.0,0.0,0.0
2025-07-21 13:30:00-04:00,129.11000061035156,129.11000061035156,128.9405975341797,128.96499633789062,128.96499633789062,58346,0.0,0.0,0.0
2025-07-21 14:30:00-04:00,128.96499633789062,128.96499633789062,128.3000030517578,128.3256072998047,128.3256072998047,56250,0.0,0.0,0.0
2025-07-21 15:30:00-04:00,128.3300018310547,128.38999938964844,128.0050048828125,128.02000427246094,128.02000427246094,105061,0.0,0.0,0.0
2025-07-22 09:30:00-04:00,128.25,128.69000244140625,128.05999755859375,128.52000427246094,128.52000427246094,111408,0.0,0.0,0.0
2025-07-22 10:30:00-04:00,128.44000244140625,128.74929809570312,128.44000244140625,128.58560180664062,128.58560180664062,53445,0.0,0.0,0.0
2025-07-22 11:30:00-04:00,128.55999755859375,128.6699981689453,128.33009338378906,128.5500030517578,128.5500030517578,50071,0.0,0.0,0.0
2025-07-22 12:30:00-04:00,128.57000732421875,128.72000122070312,128.4499969482422,128.72000122070312,128.72000122070312,68156,0.0,0.0,0.0
2025-07-22 13:30:00-04:00,128.8000030517578,128.92999267578125,128.5500030517578,128.69500732421875,128.69500732421875,63216,0.0,0.0,0.0
2025-07-22 14:30:00-04:00,128.6750030517578,128.90989685058594,128.6750030517578,128.77499389648438,128.77499389648438,62359,0.0,0.0,0.0
2025-07-22 15:30:00-04:00,128.77000427246094,128.91000366210938,128.67999267578125,128.67999267578125,128.67999267578125,48563,0.0,0.0,0.0
2025-07-23 09:30:00-04:00,129.02000427246094,129.02999877929688,128.42999267578125,128.88499450683594,128.88499450683594,62721,0.0,0.0,0.0
2025-07-23 10:30:00-04:00,128.89999389648438,128.9499969482422,128.63319396972656,128.7899932861328,128.7899932861328,29405,0.0,0.0,0.0
2025-07-23 11:30:00-04:00,128.91000366210938,129.27439880371094,128.6699981689453,129.15029907226562,129.15029907226562,80379,0.0,0.0,0.0
2025-07-23 12:30:00-04:00,129.0500030517578,129.3300018310547,129.0399932861328,129.1750030517578,129.1750030517578,36299,0.0,0.0,0.0
2025-07-23 13:30:00-04:00,129.24740600585938,129.4600067138672,129.17999267578125,129.41000366210938,129.41000366210938,46607,0.0,0.0,0.0
2025-07-23 14:30:00-04:00,129.39999389648438,129.57000732421875,129.38510131835938,129.49000549316406,129.49000549316406,44216,0.0,0.0,0.0
2025-07-23 15:30:00-04:00,129.50999450683594,129.69000244140625,129.47999572753906,129.61000061035156,129.61000061035156,52098,0.0,0.0,0.0
2025-07-24 09:30:00-04:00,129.72999572753906,130.0399932861328,129.4936981201172,129.85000610351562,129.85000610351562,51998,0.0,0.0,0.0
2025-07-24 10:30:00-04:00,129.82000732421875,130.3300018310547,129.82000732421875,130.10000610351562,130.10000610351562,65732,0.0,0.0,0.0
2025-07-24 11:30:00-04:00,130.11000061035156,130.32000732421875,130.00999450683594,130.0500030517578,130.0500030517578,41384,0.0,0.0,0.0
2025-07-24 12:30:00-04:00,130.0449981689453,130.20559692382812,130.0,130.0800018310547,130.0800018310547,41487,0.0,0.0,0.0
2025-07-24 13:30:00-04:00,130.08999633789062,130.27000427246094,129.98500061035156,130.07000732421875,130.07000732421875,29316,0.0,0.0,0.0
2025-07-24 14:30:00-04:00,130.05999755859375,130.07069396972656,129.80999755859375,129.91000366210938,129.91000366210938,43600,0.0,0.0,0.0
2025-07-24 15:30:00-04:00,129.89999389648438,129.9199981689453,129.36000061035156,129.4199981689453,129.4199981689453,67040,0.0,0.0,0.0
2025-07-25 09:30:00-04:00,129.47999572753906,129.77999877929688,129.14999389648438,129.72169494628906,129.72169494628906,107457,0.0,0.0,0.0
2025-07-25 10:30:00-04:00,129.75,130.1300048828125,129.7169952392578,129.87559509277344,129.87559509277344,40618,0.0,0.0,0.0
2025-07-25 11:30:00-04:00,129.8249969482422,130.0,129.77000427246094,129.9700927734375,129.9700927734375,65058,0.0,0.0,0.0
2025-07-25 12:30:00-04:00,129.98500061035156,130.27499389648438,129.9199981689453,130.27000427246094,130.27000427246094,42824,0.0,0.0,0.0
2025-07-25 13:30:00-04:00,130.27999877929688,130.42999267578125,130.27999877929688,130.32699584960938,130.32699584960938,63593,0.0,0.0,0.0
2025-07-25 14:30:00-04:00,130.36000061035156,130.4149932861328,130.2100067138672,130.25,130.25,105665,0.0,0.0,0.0
2025-07-25 15:30:00-04:00,130.27000427246094,130.3800048828125,130.2100067138672,130.25999450683594,130.25999450683594,45675,0.0,0.0,0.0
2025-07-28 09:30:00-04:00,130.27999877929688,130.32960510253906,129.97000122070312,130.13999938964844,130.13999938964844,65603,0.0,0.0,0.0
2025-07-28 10:30:00-04:00,130.18499755859375,130.2100067138672,129.5850067138672,129.6999969482422,129.6999969482422,149903,0.0,0.0,0.0
2025-07-28 11:30:00-04:00,129.67999267578125,129.86000061035156,129.6300048828125,129.80999755859375,129.80999755859375,39465,0.0,0.0,0.0
2025-07-28 12:30:00-04:00,129.7899932861328,129.82000732421875,129.49000549316406,129.49000549316406,129.49000549316406,61572,0.0,0.0,0.0
2025-07-28 13:30:00-04:00,129.5,129.55499267578125,129.22000122070312,129.27999877929688,129.27999877929688,78886,0.0,0.0,0.0
2025-07-28 14:30:00-04:00,129.2949981689453,129.4344024658203,129.27999877929688,129.33999633789062,129.33999633789062,73655,0.0,0.0,0.0
2025-07-28 15:30:00-04:00,129.35000610351562,129.52999877929688,129.30999755859375,129.49000549316406,129.49000549316406,90474,0.0,0.0,0.0
2025-07-29 09:30:00-04:00,129.94000244140625,130.12989807128906,129.75,129.77999877929688,129.77999877929688,40987,0.0,0.0,0.0
2025-07-29 10:30:00-04:00,129.77999877929688,129.7899932861328,129.0500030517578,129.0500030517578,129.0500030517578,49370,0.0,0.0,0.0
2025-07-29 11:30:00-04:00,129.1300048828125,129.2292938232422,128.9600067138672,129.19000244140625,129.19000244140625,34827,0.0,0.0,0.0
2025-07-29 12:30:00-04:00,129.22999572753906,129.4199981689453,129.14999389648438,129.3000030517578,129.3000030517578,85093,0.0,0.0,0.0
2025-07-29 13:30:00-04:00,129.30499267578125,129.3300018310547,128.8699951171875,128.9600067138672,128.9600067138672,46743,0.0,0.0,0.0
2025-07-29 14:30:00-04:00,128.9801025390625,129.0050048828125,128.82000732421875,128.85000610351562,128.85000610351562,72488,0.0,0.0,0.0
2025-07-29 15:30:00-04:00,128.86000061035156,128.9199981689453,128.6199951171875,128.82000732421875,128.82000732421875,54168,0.0,0.0,0.0
2025-07-30 09:30:00-04:00,128.63999938964844,129.32839965820312,128.63999938964844,129.25999450683594,129.25999450683594,209275,0.0,0.0,0.0
2025-07-30 10:30:00-04:00,129.3000030517578,129.37399291992188,128.97500610351562,129.08999633789062,129.08999633789062,71811,0.0,0.0,0.0
2025-07-30 11:30:00-04:00,129.11000061035156,129.3300018310547,129.05999755859375,129.3300018310547,129.3300018310547,50026,0.0,0.0,0.0
2025-07-30 12:30:00-04:00,129.32000732421875,129.37600708007812,129.14999389648438,129.19000244140625,129.19000244140625,50500,0.0,0.0,0.0
2025-07-30 13:30:00-04:00,129.17999267578125,129.41000366210938,129.0800018310547,129.25999450683594,129.25999450683594,32386,0.0,0.0,0.0
2025-07-30 14:30:00-04:00,129.27999877929688,129.4566650390625,127.97000122070312,128.0399932861328,128.0399932861328,131880,0.0,0.0,0.0
2025-07-30 15:30:00-04:00,128.05999755859375,128.59750366210938,127.94000244140625,128.5,128.5,119514,0.0,0.0,0.0
2025-07-31 09:30:00-04:00,128.1999969482422,129.24000549316406,128.1999969482422,128.7899932861328,128.7899932861328,94282,0.0,0.0,0.0
2025-07-31 10:30:00-04:00,128.86500549316406,129.02000427246094,128.19000244140625,128.39999389648438,128.39999389648438,123703,0.0,0.0,0.0
2025-07-31 11:30:00-04:00,128.3800048828125,128.85000610351562,128.3800048828125,128.78500366210938,128.78500366210938,34755,0.0,0.0,0.0
2025-07-31 12:30:00-04:00,128.7899932861328,128.85000610351562,128.0800018310547,128.08999633789062,128.08999633789062,31632,0.0,0.0,0.0
2025-07-31 13:30:00-04:00,128.14999389648438,128.49000549316406,127.91010284423828,128.41000366210938,128.41000366210938,83961,0.0,0.0,0.0
2025-07-31 14:30:00-04:00,128.4499969482422,128.67999267578125,128.07000732421875,128.08999633789062,128.08999633789062,38984,0.0,0.0,0.0
2025-07-31 15:30:00-04:00,128.1199951171875,128.21200561523438,127.5,127.73999786376953,127.73999786376953,173316,0.0,0.0,0.0
2025-08-01 09:30:00-04:00,126.08000183105469,126.08999633789062,124.18000030517578,125.19000244140625,125.19000244140625,169217,0.0,0.0,0.0
2025-08-01 10:30:00-04:00,125.27639770507812,125.4000015258789,124.69000244140625,124.7699966430664,124.7699966430664,82055,0.0,0.0,0.0
2025-08-01 11:30:00-04:00,124.7699966430664,125.83999633789062,124.76000213623047,125.72000122070312,125.72000122070312,46056,0.0,0.0,0.0
2025-08-01 12:30:00-04:00,125.69999694824219,125.76000213623047,124.98999786376953,124.98999786376953,124.98999786376953,236181,0.0,0.0,0.0
2025-08-01 13:30:00-04:00,124.97010040283203,125.23999786376953,124.80000305175781,125.20999908447266,125.20999908447266,63275,0.0,0.0,0.0
2025-08-01 14:30:00-04:00,125.19999694824219,125.4800033569336,125.01000213623047,125.30999755859375,125.30999755859375,86987,0.0,0.0,0.0
2025-08-01 15:30:00-04:00,125.30999755859375,125.51000213623047,125.08999633789062,125.30000305175781,125.30000305175781,65140,0.0,0.0,0.0
2025-08-04 09:30:00-04:00,125.77999877929688,126.30999755859375,125.6500015258789,126.26000213623047,126.26000213623047,106601,0.0,0.0,0.0
2025-08-04 10:30:00-04:00,126.2300033569336,126.61000061035156,126.0999984741211,126.3499984741211,126.3499984741211,83484,0.0,0.0,0.0
2025-08-04 11:30:00-04:00,126.31999969482422,126.36499786376953,126.08000183105469,126.16320037841797,126.16320037841797,64658,0.0,0.0,0.0
2025-08-04 12:30:00-04:00,126.16999816894531,126.5999984741211,126.16999816894531,126.44999694824219,126.44999694824219,71144,0.0,0.0,0.0
2025-08-04 13:30:00-04:00,126.45999908447266,126.5,126.31009674072266,126.41999816894531,126.41999816894531,56103,0.0,0.0,0.0
2025-08-04 14:30:00-04:00,126.4000015258789,126.74299621582031,126.4000015258789,126.69999694824219,126.69999694824219,83618,0.0,0.0,0.0
2025-08-04 15:30:00-04:00,126.72000122070312,126.80999755859375,126.63999938964844,126.80999755859375,126.80999755859375,69553,0.0,0.0,0.0
2025-08-05 09:30:00-04:00,127.31999969482422,127.31999969482422,125.91000366210938,126.05999755859375,126.05999755859375,114418,0.0,0.0,0.0
2025-08-05 10:30:00-04:00,126.07499694824219,126.07499694824219,125.36000061035156,125.75,125.75,104095,0.0,0.0,0.0
2025-08-05 11:30:00-04:00,125.7699966430664,126.19999694824219,125.66999816894531,126.19000244140625,126.19000244140625,82048,0.0,0.0,0.0
2025-08-05 12:30:00-04:00,126.2300033569336,126.56999969482422,126.08499908447266,126.55000305175781,126.55000305175781,98773,0.0,0.0,0.0
2025-08-05 13:30:00-04:00,126.58000183105469,126.66999816894531,126.2300033569336,126.31999969482422,126.31999969482422,73165,0.0,0.0,0.0
2025-08-05 14:30:00-04:00,126.29000091552734,126.62999725341797,126.2300033569336,126.56999969482422,126.56999969482422,129262,0.0,0.0,0.0
2025-08-05 15:30:00-04:00,126.56999969482422,126.62000274658203,126.30999755859375,126.3499984741211,126.3499984741211,75452,0.0,0.0,0.0
2025-08-06 09:30:00-04:00,126.58999633789062,126.91000366210938,126.16000366210938,126.24500274658203,126.24500274658203,80676,0.0,0.0,0.0
2025-08-06 10:30:00-04:00,126.22940063476562,126.88500213623047,126.16000366210938,126.87999725341797,126.87999725341797,68953,0.0,0.0,0.0
2025-08-06 11:30:00-04:00,126.9000015258789,127.01000213623047,126.69999694824219,126.86000061035156,126.86000061035156,60643,0.0,0.0,0.0
2025-08-06 12:30:00-04:00,126.87000274658203,127.0155029296875,126.625,126.70999908447266,126.70999908447266,51856,0.0,0.0,0.0
2025-08-06 13:30:00-04:00,126.72000122070312,126.9800033569336,126.69999694824219,126.92900085449219,126.92900085449219,47696,0.0,0.0,0.0
2025-08-06 14:30:00-04:00,126.89009857177734,126.94999694824219,126.76000213623047,126.81999969482422,126.81999969482422,55790,0.0,0.0,0.0
2025-08-06 15:30:00-04:00,126.83000183105469,126.91000366210938,126.76000213623047,126.79000091552734,126.79000091552734,50291,0.0,0.0,0.0
2025-08-07 09:30:00-04:00,127.56999969482422,127.61499786376953,126.41999816894531,126.49500274658203,126.49500274658203,40375,0.0,0.0,0.0
2025-08-07 10:30:00-04:00,126.45500183105469,126.47000122070312,125.83999633789062,125.8499984741211,125.8499984741211,64506,0.0,0.0,0.0
2025-08-07 11:30:00-04:00,125.8499984741211,125.8499984741211,125.5,125.70999908447266,125.70999908447266,193391,0.0,0.0,0.0
2025-08-07 12:30:00-04:00,125.69999694824219,125.76000213623047,125.20999908447266,125.2699966430664,125.2699966430664,55926,0.0,0.0,0.0
2025-08-07 13:30:00-04:00,125.2699966430664,125.61000061035156,125.19999694824219,125.49430084228516,125.49430084228516,90318,0.0,0.0,0.0
2025-08-07 14:30:00-04:00,125.44999694824219,125.60579681396484,125.33999633789062,125.44999694824219,125.44999694824219,55639,0.0,0.0,0.0
2025-08-07 15:30:00-04:00,125.44000244140625,125.63999938964844,125.30979919433594,125.5199966430664,125.5199966430664,88071,0.0,0.0,0.0
2025-08-08 09:30:00-04:00,126.19999694824219,126.93990325927734,125.91500091552734,126.7300033569336,126.7300033569336,84379,0.0,0.0,0.0
2025-08-08 10:30:00-04:00,126.69999694824219,126.83999633789062,126.3499984741211,126.41999816894531,126.41999816894531,92214,0.0,0.0,0.0
2025-08-08 11:30:00-04:00,126.41999816894531,126.78500366210938,126.1541976928711,126.58999633789062,126.58999633789062,55554,0.0,0.0,0.0
2025-08-08 12:30:00-04:00,126.58000183105469,126.7699966430664,126.37000274658203,126.7500991821289,126.7500991821289,49768,0.0,0.0,0.0
2025-08-08 13:30:00-04:00,126.81999969482422,126.98999786376953,126.77999877929688,126.88999938964844,126.88999938964844,105694,0.0,0.0,0.0
2025-08-08 14:30:00-04:00,126.88420104980469,126.90889739990234,126.66000366210938,126.77999877929688,126.77999877929688,109632,0.0,0.0,0.0
2025-08-08 15:30:00-04:00,126.78500366210938,126.80000305175781,126.38999938964844,126.66999816894531,126.66999816894531,120157,0.0,0.0,0.0
2025-08-11 09:30:00-04:00,126.9800033569336,127.16500091552734,126.72000122070312,126.78459930419922,126.78459930419922,130705,0.0,0.0,0.0
2025-08-11 10:30:00-04:00,126.76000213623047,126.80000305175781,126.52999877929688,126.69999694824219,126.69999694824219,62697,0.0,0.0,0.0
2025-08-11 11:30:00-04:00,126.69999694824219,127.06999969482422,126.62000274658203,127.002197265625,127.002197265625,30710,0.0,0.0,0.0
2025-08-11 12:30:00-04:00,126.97000122070312,126.97740173339844,126.5999984741211,126.70649719238281,126.70649719238281,25179,0.0,0.0,0.0
2025-08-11 13:30:00-04:00,126.70539855957031,126.83999633789062,126.62000274658203,126.69499969482422,126.69499969482422,29892,0.0,0.0,0.0
2025-08-11 14:30:00-04:00,126.70999908447266,126.79000091552734,126.44000244140625,126.79000091552734,126.79000091552734,32067,0.0,0.0,0.0
2025-08-11 15:30:00-04:00,126.7699966430664,126.80999755859375,126.45999908447266,126.6500015258789,126.6500015258789,44491,0.0,0.0,0.0
2025-08-12 09:30:00-04:00,127.26000213623047,128.30999755859375,127.26000213623047,128.27000427246094,128.27000427246094,723943,0.0,0.0,0.0
2025-08-12 10:30:00-04:00,128.30499267578125,128.5,127.98999786376953,128.1699981689453,128.1699981689453,615478,0.0,0.0,0.0
2025-08-12 11:30:00-04:00,128.17999267578125,128.35000610351562,128.1300048828125,128.30999755859375,128.30999755859375,119651,0.0,0.0,0.0
2025-08-12 12:30:00-04:00,128.2899932861328,128.4199981689453,128.14999389648438,128.27999877929688,128.27999877929688,117810,0.0,0.0,0.0
2025-08-12 13:30:00-04:00,128.27999877929688,128.5,128.25,128.30999755859375,128.30999755859375,207338,0.0,0.0,0.0
2025-08-12 14:30:00-04:00,128.27000427246094,128.39999389648438,128.1699981689453,128.33999633789062,128.33999633789062,186373,0.0,0.0,0.0
2025-08-12 15:30:00-04:00,128.33999633789062,128.50999450683594,128.3000030517578,128.42999267578125,128.42999267578125,164386,0.0,0.0,0.0
2025-08-13 09:30:00-04:00,129.02999877929688,129.52999877929688,128.88999938964844,129.10000610351562,129.10000610351562,114397,0.0,0.0,0.0
2025-08-13 10:30:00-04:00,129.1199951171875,129.1199951171875,128.75,128.99000549316406,128.99000549316406,56218,0.0,0.0,0.0
2025-08-13 11:30:00-04:00,128.9499969482422,129.1300048828125,128.6999969482422,128.6999969482422,128.6999969482422,57818,0.0,0.0,0.0
2025-08-13 12:30:00-04:00,128.69000244140625,128.8262939453125,128.4600067138672,128.72000122070312,128.72000122070312,182154,0.0,0.0,0.0
2025-08-13 13:30:00-04:00,128.72000122070312,129.0,128.55999755859375,128.9499969482422,128.9499969482422,46711,0.0,0.0,0.0
2025-08-13 14:30:00-04:00,128.9600067138672,129.16000366210938,128.88999938964844,128.9600067138672,128.9600067138672,63516,0.0,0.0,0.0
2025-08-13 15:30:00-04:00,128.9600067138672,129.27999877929688,128.94000244140625,129.14500427246094,129.14500427246094,45502,0.0,0.0,0.0
2025-08-14 09:30:00-04:00,128.91000366210938,129.2899932861328,128.5500030517578,129.02999877929688,129.02999877929688,197299,0.0,0.0,0.0
2025-08-14 10:30:00-04:00,129.0200958251953,129.2899932861328,128.88999938964844,128.9499969482422,128.9499969482422,42843,0.0,0.0,0.0
2025-08-14 11:30:00-04:00,128.93649291992188,129.0800018310547,128.69000244140625,128.8000030517578,128.8000030517578,48614,0.0,0.0,0.0
2025-08-14 12:30:00-04:00,128.76499938964844,129.11000061035156,128.6999969482422,129.11000061035156,129.11000061035156,20659,0.0,0.0,0.0
2025-08-14 13:30:00-04:00,129.1300048828125,129.2593994140625,129.03500366210938,129.17999267578125,129.17999267578125,34423,0.0,0.0,0.0
2025-08-14 14:30:00-04:00,129.2100067138672,129.67999267578125,129.2100067138672,129.55999755859375,129.55999755859375,56201,0.0,0.0,0.0
2025-08-14 15:30:00-04:00,129.55999755859375,129.7899932861328,129.50999450683594,129.72000122070312,129.72000122070312,74217,0.0,0.0,0.0
2025-08-15 09:30:00-04:00,130.0500030517578,130.0500030517578,128.63999938964844,128.85989379882812,128.85989379882812,93335,0.0,0.0,0.0
2025-08-15 10:30:00-04:00,128.85000610351562,128.92999267578125,128.6571044921875,128.7100067138672,128.7100067138672,56290,0.0,0.0,0.0
2025-08-15 11:30:00-04:00,128.8000030517578,128.9600067138672,128.61380004882812,128.7100067138672,128.7100067138672,49533,0.0,0.0,0.0
2025-08-15 12:30:00-04:00,128.6999969482422,128.72000122070312,128.4250030517578,128.66000366210938,128.66000366210938,38387,0.0,0.0,0.0
2025-08-15 13:30:00-04:00,128.64999389648438,128.74969482421875,128.50999450683594,128.66000366210938,128.66000366210938,55191,0.0,0.0,0.0
2025-08-15 14:30:00-04:00,128.67059326171875,128.7100067138672,128.4199981689453,128.5,128.5,51593,0.0,0.0,0.0
2025-08-15 15:30:00-04:00,128.47999572753906,128.5,128.25999450683594,128.3000030517578,128.3000030517578,69344,0.0,0.0,0.0
